"Variable","Mean_Group1","Mean_Group2","P_Value","Lower_CI","Upper_CI"
"Production-based CO2 emissions",618.507717121588,795.406627565982,0.0977034135528151,-386.334303150008,32.5364822612195
