"Variable","Mean_Group1","Mean_Group2","P_Value","Lower_CI","Upper_CI"
"Environmentally related taxes, % GDP",2.13483640552995,2.0468202764977,0.342865623402093,-0.0940359047001832,0.2700681627647
